,Category,Title
0,0,Google Cloud Program Manager
1,1,"Supplier Development Engineer (SDE), Cable/Connector"
2,2,"Data Analyst, Product and Tools Operations, Google Technical Services"
3,3,"Developer Advocate, Partner Engineering"
4,0,"Program Manager, Audio Visual (AV) Deployments"
5,2,"Associate Account Strategist (Czech/Slovak), Global Customer Experience"
6,4,"Supplier Development Engineer, Camera, Consumer Hardware"
7,5,"Strategic Technology Partner Manager, Healthcare and Life Sciences"
8,1,"Manufacturing Business Manager, Google Hardware"
9,2,"Solutions Architect, Healthcare and Life Sciences, Google Cloud"
10,6,"Data Analyst, Consumer Hardware"
11,5,Partner Onboarding Manager (Americas)
12,2,"Associate Account Strategist (Ukrainian), GMS Sales"
13,6,"Survey Lead, Google Cloud Support"
14,2,"Solution Architect, Google Cloud Platform (Apigee)"
15,4,Manufacturing Test Engineer
16,2,"Machine Learning Product Specialist, Google Cloud (EMEA)"
17,7,"Software Engineering Manager, Cloud Storage, Site Reliability Engineering"
18,4,"Global Supply Chain Manager, Display/Touch, Consumer Hardware"
19,0,"Technical Program Manager, ASIC Development"
20,6,"Quantitative Analyst, Ads Quality"
21,7,"Software Engineer Manager, Tools and Infrastructure"
22,0,Head of Professional Services
23,6,"Survey Lead, Google Cloud Support"
24,0,"Technical Trainer Manager, Google Cloud"
25,2,"Partner Sales Engineer, Google Cloud"
26,2,"Technical Solutions Engineer, Chrome and Android, Google Cloud"
27,8,"Program Manager, Supply Chain Data Management"
28,2,"Machine Learning Product Specialist, Google Cloud (EMEA)"
29,2,"Head of Partner Engineering, Google Cloud"
30,0,"Presales Manager, New Business Development"
31,2,"Technical Solutions Consultant, Google Technical Services (English, German)"
32,6,"Solutions Consultant, Ads, Google Professional Services"
33,9,"Chief of Staff, Google Hardware"
34,2,"Measurement Solutions Consultant, Google Technical Services"
35,2,"Big Data Product Specialist, Google Cloud (English)"
36,1,"Global Supply Chain Manager, Cable and Connector, Consumer Hardware"
37,2,Technical Contracts Manager
38,0,"High Performance Computing (HPC) Specialist, Google Cloud"
39,0,"Technical Program Manager, Google Cloud Functions"
40,7,Software Engineer
41,2,"Solutions Architect, Healthcare and Life Sciences, Google Cloud"
42,0,"Program Manager, Operations, Google Cloud Web"
43,0,"High Performance Computing (HPC) Specialist, Google Cloud"
44,2,"Vendor Operations Specialist (EMEA), Google Technical Services Consumers"
45,2,"Solution Architect, Google Cloud Platform (Apigee)"
46,7,"Graphics Software Engineer, Robotics Simulation, Google Cloud Platform"
47,10,"Technical Writer, University Graduate"
48,2,"Solutions Architect, Healthcare and Life Sciences, Google Cloud"
49,11,"Technical Program Manager, Cloud Infrastructure Planning and Resource Management"
50,2,Measurement and Attribution Specialist (Northern Europe)
51,0,Global Partner Business Development Manager
52,0,"Technical Program Manager, Corporate Engineering"
53,2,"Solutions Engineer, Google Cloud Healthcare and Life Sciences"
54,2,"Technical Specialist, Google Technical Services, Ads"
55,2,"Strategic Cloud Engineer, Google Cloud Professional Services"
56,5,Partner Onboarding Manager (Americas)
57,2,"Security Product Specialist, Google Cloud Platform"
58,2,"Media and Entertainment Specialist, Google Cloud"
59,1,"Product Operations Program Manager, Consumer Hardware"
60,2,"Media and Entertainment Specialist, Google Cloud"
61,0,"Community Enablement Manager, Global Partner, Google Cloud"
62,0,"Cloud Consultant, Professional Services, Google Cloud"
63,2,"Strategic Cloud Engineer, Google Professional Services"
64,4,"Engineering Manager, Consumer Hardware"
65,7,"Software Engineer, Performance Modeling"
66,2,"Associate Account Strategist (Hungarian), Global Customer Experience"
67,2,"Partner Sales Engineer, Google Cloud"
68,2,"Technical Specialist, Google Technical Services (English and Italian)"
69,2,"Technical Account Manager, Google Technical Services (Mandarin or Cantonese)"
70,2,"Manager, Measurement & Attribution Specialists, Google Technical Professional Services"
71,6,"Solutions Consultant, Ads, Google Professional Services"
72,7,"Software Engineer, Android Applications, Verily Life Sciences - Cambridge"
73,0,Global Partner Business Development Manager
74,0,"Technical Enablement Manager, Global Partner, Google Cloud"
75,3,"Developer Advocate, Cloud Platform"
76,2,"Technical Solutions Consultant, Google Technical Services"
77,7,Front End Software Engineer
78,2,"G Suite Strategic Cloud Engineer, Google Professional Services"
79,2,"Technical Solutions Consultant, Android"
80,7,"Software Engineer, Image Processing, Consumer Hardware"
81,4,Analog & CAD Automation Engineer
82,0,"Program Manager, Mergers and Acquisitions, Corporate Engineering"
83,6,"Partner Sales Engineer Manager, Google Cloud"
84,7,"Cloud Integration Software Engineer, Robotics Simulation, Google Cloud Platform"
85,6,"Quantitative Analyst Lead, Trust and Safety"
86,2,"Partner Sales Engineer, Google Cloud"
87,0,"Business Lead for Partner Relationship Management (PRM) Solution, Google Cloud"
88,10,"Technical Writer, University Graduate"
89,4,FPGA Design/Prototyping Engineer
90,0,"Training Partners Business Manager, Americas, Google Cloud"
91,4,"Analog / Mixed Signal IC Design Engineer, Verily Life Sciences - South San Francisco"
92,6,"Product Specialist, Google Cloud"
93,4,ASIC Physical Design Engineering Tech Lead & Manager
94,2,"Partner Sales Engineer, Google Cloud"
95,0,Global Partner Business Development Manager
96,0,"Technical Program Manager, Enterprise Communications"
97,0,"Program Manager, Behavioral Health, Verily Life Sciences - South San Francisco"
98,7,"Software Engineer, Android Applications, Verily Life Sciences - South San Francisco"
99,1,"Global Supply Chain and Sourcing Manager, CPUs, Consumer Hardware"
100,7,ソフトウェア エンジニア、Chrome OS ビデオ
101,0,"Onsite Training Programs Lead, Google Cloud"
102,0,Customer Success Manager
103,4,Cell Design and Process Engineer
104,2,"Technical Solutions Consultant, Google Technical Services (English, German)"
105,0,"Cloud Consultant, Professional Services, Google Cloud"
106,1,"Global Supply Chain Manager, Audio, Consumer Hardware"
107,6,"Process Specialist, Curated Formats, Google Technical Services"
108,7,"Software Engineer, Virtual Prototyping"
109,4,"Hardware System Engineer, System on a Chip"
110,4,"Supplier Development Engineer, Sensor Module"
111,11,"Systems Administrator, Windows"
112,2,"Technical Solutions Engineer, G Suite, Google Cloud"
113,0,"Program Manager, Geo Data Operations"
114,1,"Global Supply Chain Manager, Keyboard and Trackpad, Consumer Hardware"
115,2,"Solution Architect, Google Cloud Platform (Apigee)"
116,0,"Technical Trainer Manager, Google Cloud"
117,0,"Product Strategy and Operations Lead, Consumer Payments (English, Russian)"
118,2,"Security Product Specialist, Google Cloud Platform"
119,2,"Partner Technology Manager, Product and Tool Operations, Google Technical Services"
120,2,"Partner Sales Engineer, Google Cloud"
121,2,Programmatic Account Strategist (English)
122,2,"Technical Solutions Consultant, Google Technical Services"
123,4,"Manufacturing Engineer, Verily Life Sciences - South San Francisco"
124,2,"Big Data Product Specialist, Google Cloud (English)"
125,0,Vendor Operations Program Manager
126,10,"Technical Writer, University Graduate"
127,4,Silicon Design Monitoring Engineer
128,2,Advertising Operations Associate (Korean)
129,2,"Technical Solutions Engineer, Firebase, Google Cloud"
130,2,"Technical Solutions Engineering Manager, Firebase, Google Cloud"
131,11,"Software Engineer, Site Reliability Engineering"
132,11,Software Asset Management Vendor Manager
133,0,"Manager, Performance Specialists"
134,12,"Linguist, Natural Language Understanding, Machine Intelligence"
135,0,"Operations Lead, Google Play"
136,0,"Presales Manager, New Business Development"
137,4,"New Product Quality Manager, Consumer Hardware"
138,2,"Pre-Sales Solutions Architect, Google Cloud"
139,1,"Global Supply Chain Manager, Power, Consumer Hardware"
140,2,"Technical Solutions Consultant, Android TV, Android Partner Engineering"
141,0,"Technical Program Manager, Fiber Network Data"
142,3,"Developer Advocate, Partner Engineering"
143,4,"Systems Architect Hardware Engineer, Home"
144,0,"Technical Program Manager, Network Business Operations"
145,3,"Developer Advocate, Web"
146,1,"Global Sourcing and Supply Manager, Camera, Consumer Hardware"
147,2,"Partner Engineer, Google Assistant, Google Technical Services"
148,4,"Supplier Development Engineer, Sensor Module"
149,7,"Application Engineer, Legal"
150,4,"IC Test Engineer, Verily Life Sciences - South San Francisco"
151,12,"Corporate Operations Engineer, IT Support, EPM"
152,2,"G Suite Strategic Cloud Engineer, Google Professional Services"
153,13,"Communications and Programs Manager, Google Technical Services"
154,2,"Android Partner Engineer, Technical Solutions Consultant"
155,5,"Partner Strategy Planning Lead, Google Cloud"
156,7,Software Engineering Manager
157,0,"Community Enablement Manager, Global Partner, Google Cloud"
158,5,"Partner Operations Manager, Commerce, Google Technical Services"
159,9,"Product Strategist, Growth, YouTube"
160,7,"Software Engineer, Verily Life Sciences - South San Francisco"
161,8,"Technical Program Manager, Data Center Design"
162,14,"Network Implementation Engineer, Corporate Network"
163,0,"Program Manager, Maps Support, Google Cloud"
164,12,"Corporate Operations Engineer, Finance IT Support"
165,2,"Technical Account Manager, Google Technical Services (Mandarin or Cantonese)"
166,7,Software Engineer (English)
167,2,"Partner Sales Engineer, Google Cloud"
168,13,"Program Manager/Producer, Global Hardware Marketing"
169,2,"Technical Solutions Consultant Manager, Android Automotive Partner Engineering"
170,2,"Manager, Measurement & Attribution Specialists, Google Technical Professional Services"
171,7,Software Engineer
172,0,"Program Manager, Geo Merchant"
173,5,"Global Technical Alliance Manager, Strategic Consultative Partnerships"
174,10,"Technical Writer, University Graduate"
175,0,"Product Operations and Strategy Lead, Engineering"
176,2,"Sales Engineer, Google Cloud Platform"
177,2,"Technical Solutions Engineering Manager, Firebase, Google Cloud"
178,0,"Technical Enablement Manager, Global Partner, Google Cloud"
179,2,"Customer Engineer, Google Cloud Platform (Portuguese and English)"
180,4,"Physical Design/Implementation Engineer, ASIC"
181,0,"Product Specialist, Hardware"
182,6,"Quantitative Analyst, Trust and Safety"
183,0,"Program Manager, Product Data Management"
184,2,"Customer Solutions Engineer, Google Technical Services Ads"
185,11,"Strategic Negotiator, Data Center"
186,2,"Technical Solutions Consultant, Google Technical Services"
187,7,"Software Engineer, Tools and Infrastructure"
188,1,"Global Supply Chain Manager, Packaging"
189,0,"Training Partners Business Manager, Americas, Google Cloud"
190,2,"Sales Engineering Manager, Google Cloud"
191,11,"Technical Program Manager, Site Reliability Engineering"
192,2,"Operations Lead, Global Support, Measurement and Attribution"
193,0,"Operations Analyst, Sales, Google Cloud"
194,2,"Migration Architect, Google Cloud"
195,11,Cloud DevOps and Infrastructure Engineer for Silicon Design
196,0,"Program Manager, Google Cloud Regulatory Market"
197,2,"G Suite Strategic Cloud Engineer, Google Professional Services"
198,11,"Systems Engineer, Site Reliability Engineering"
199,0,"Technical Program Manager, Angular"
200,11,"Mechanical Engineer, Data Center"
201,2,"Customer Experience Advocate, Google Technical Services (Multiple European Languages)"
202,7,"Firmware Engineer, Verily Life Sciences - South San Francisco"
203,2,"Partner Sales Engineer, Google Cloud"
204,4,"Display Technology Lead, Consumer Hardware"
205,15,"Strategic Cloud DevOps and Infrastructure Engineer, Google Cloud Professional Services"
206,7,"Software Test Engineer, Mobile and Web Applications, Verily Life Sciences - Mountain View"
207,0,"Merchant Network Planning and Quality Manager, Google Express"
208,0,"Technical Program Manager, Google Home Platform Software"
209,0,"Program Manager, Third Party Risk Management (3PRM)"
210,7,"iOS Application Developer, Project Baseline, Verily Life Sciences - Mountain View"
211,6,"Program Manager, Cloud Platform Sales Development, Google Cloud"
212,0,Store Operations Associate
213,7,Software Engineer (English)
214,2,"Strategic Cloud Engineer, Google Cloud Professional Services"
215,10,"Technical Writer, University Graduate"
216,0,Reverse Logistics Program Manager
217,1,"Global Supply Chain Manager, FPCB and PCB, Consumer Hardware"
218,5,Partner Onboarding Manager (Americas)
219,0,"Strategic Relationships Project Manager, Consumer Hardware"
220,1,"Global Sourcing and Supply Manager, Camera, Consumer Hardware"
221,2,"Networking Product Specialist, Google Cloud"
222,0,Mobile Apps Performance Specialist
223,0,"Program Manager, Create for Enterprise (Hardware Partnerships)"
224,14,"Network Engineer, Corporate Network"
225,13,Executive Briefing Manager
226,2,"Internet of Things (IoT) Product Specialist, Google Cloud"
227,2,"Internet of Things (IoT) Product Specialist, Google Cloud"
228,0,"Product Operations and Strategy Lead, Engineering"
229,2,"Machine Learning Product Specialist, Google Cloud (EMEA)"
230,2,"Technical Solutions Consultant, Verily Life Sciences - Mountain View"
231,2,"Security Product Specialist, Google Cloud Platform"
232,2,"Vendor Manager, Google Technical Services"
233,2,"Technical Solutions Consultant, Google Technical Services"
234,0,"Sales Analyst, Google Cloud"
235,7,Software Engineer
236,2,"Customer Solutions Engineer, Google Technical Services Ads"
237,2,"Product Lifecycle Management, Business Systems"
238,2,"Strategic Cloud Engineer, Google Cloud Professional Services"
239,0,"Chrome Customer Success Manager, Google Cloud"
240,3,"Developer Advocate, Partner Engineering"
241,0,"Technical Program Manager, Test Engineering, Verily Life Sciences - South San Francisco"
242,2,"Pre-Sales Solutions Architect Manager, Google Cloud"
243,14,"Network Operations Engineer, Corporate"
244,11,Operations Engineer
245,2,"Networking Product Specialist, Google Cloud (English)"
246,2,"G Suite Strategic Cloud Engineer, Google Professional Services"
247,7,"Web Solutions Engineer, Product and Tools Operations"
248,4,"Supplier Development Engineering Manager, Mechanical Operations"
249,2,"Technical Solutions Engineer, Chrome and Android, Google Cloud"
250,0,"Community Enablement Manager, Global Partner, Google Cloud"
251,4,"Supplier Development Engineer, Materials, Consumer Products"
252,0,"Partner Program Design Manager, Technology Partners, Google Cloud"
253,11,"Application Engineer, SAP"
254,2,"Manager, Technical Specialists, Google Technical Services"
255,7,"Software Engineering Manager, G Suite"
256,0,"Program Manager, Security Ecosystem, Google Cloud"
257,2,"Technical Solutions Engineer, Firebase, Google Cloud"
258,2,"Machine Learning Product Specialist, Google Cloud (EMEA)"
259,2,"Customer Solutions Engineer, Google Technical Services Ads"
260,0,Customer Success Manager
261,2,"Measurement Solutions Consultant (English, Japanese)"
262,14,Network Operations Engineer
263,0,"Program Manager, Alphabet Treasury, Corporate Engineering"
264,0,"Head of Professional Services (English, French)"
265,7,Video Algorithm Engineer
266,2,"Brand Specialist, Google Professional Services"
267,2,"Security Product Specialist, Google Cloud Platform"
268,7,"Web Solutions Engineer, Product and Tools Operations"
269,7,"High-level Synthesis Design Engineer, Consumer Hardware"
270,2,"Technical Specialist, Shopping, Google Professional Services (French)"
271,4,"Hardware System Validation Engineer, Consumer Hardware"
272,13,"Communications and Programs Manager, Google Technical Services"
273,1,"Manufacturing Business Manager, Google Hardware"
274,0,"Business Lead, Partner Directory, Google Cloud"
275,1,"Global Supply Chain and Sourcing Manager, Sensors, Consumer Hardware"
276,2,"G Suite Strategic Cloud Engineer, Google Professional Services"
277,0,"Customer Experience Data Scientist, Google Cloud Support"
278,2,"Strategic Cloud Engineer, Google Professional Services"
279,2,"Solutions Architect, Healthcare and Life Sciences, Google Cloud"
280,4,"Hardware Development Engineer, Home Team"
281,7,"Software Engineer, Accessibility"
282,4,Optical Testing Engineer
283,7,"Video Codec Design Engineer, Consumer Hardware"
284,2,"Associate Account Strategist (Polish), Global Customer Experience"
285,14,"Technical Solutions Consultant, Android Automotive, Android Partner Engineering"
286,7,"Software Test Engineer, Devices, Verily Life Sciences - South San Francisco"
287,2,"Solution Architect, Google Cloud Platform (Apigee)"
288,4,"Product Design Engineering Manager, Google Home"
289,0,Mobile Apps Performance Specialist
290,2,"Technical Account Manager, Google Technical Services Global Customer Care (English, Japanese)"
291,2,"Solution Architect, Google Cloud Platform (Apigee)"
292,4,"Formal Verification Engineer, Consumer Hardware"
293,0,"Business Lead, Partner to Partner Exchange, Google Cloud"
294,1,"Supply Planning Program Manager, Consumer Hardware"
295,0,"Technical Enablement Manager, Global Partner, Google Cloud"
296,1,Sustaining Manufacturing Process Engineer
297,0,JAPAC Partner Onboarding Manager
298,2,"Specialist, Google Analytics Solutions"
299,2,"Machine Learning Product Specialist, Google Cloud (EMEA)"
300,6,"Delivery Manager, Optimization Support, EMEA"
301,5,"Android Platform Partnerships Lead, Android and Play Business"
302,15,"Enablement Lead, Global Consulting Partnerships, Google Cloud"
303,15,"Mobile UX Lead, Large Customer Sales (English, Mandarin)"
304,6,"Data Analyst, Consumer Hardware"
305,5,Partner Onboarding Manager (Americas)
306,15,"Manager, Large Customer Sales (Spanish)"
307,5,"Strategic Partner Development Manager, Retail (English, German)"
308,6,"Survey Lead, Google Cloud Support"
309,15,"Performance Video Agency Specialist, YouTube"
310,15,"Platform Sales Manager, Media Platforms Account Lead"
311,15,"Sales Development Manager, Cross-Vertical Team"
312,15,Online Sales Account Manager (Turkish)
313,15,"Field Sales Representative, Google Cloud (DACH)"
314,15,Programmatic Account Manager
315,15,"Field Sales Representative, Google Cloud"
316,6,"Quantitative Analyst, Ads Quality"
317,15,Online Sales Account Manager (Italian)
318,0,Head of Professional Services
319,16,"Solutions Engineer, Google Cloud"
320,5,"Partner Development Manager, Google Cloud"
321,5,"Chrome OEM Channel Sales Manager, Chrome Enterprise and Education"
322,15,"Enterprise Customer Development Representative, Google Cloud"
323,6,"Survey Lead, Google Cloud Support"
324,6,"Associate Account Strategist, Sales, Google Marketing Solutions (Portuguese)"
325,5,"Strategic Partner Manager, Product Partnerships (Geo)"
326,6,"Quality Program Manager, Global Vendor Operations, YouTube"
327,15,"Strategic Agency Consultant, Google Marketing Solutions (Dutch)"
328,15,"Key Account Manager, Large Customer Sales"
329,6,"Data Analyst, Product Trust and Safety"
330,15,"SMB Sales Executive, Google Cloud"
331,15,"Product Analyst, Product and Sales Activation, Google Marketing Solutions"
332,15,"AdMob Technical Sales Lead, Online Partnerships Group"
333,6,"Solutions Consultant, Ads, Google Professional Services"
334,16,"Field Sales Representative, Google Cloud"
335,5,"Partner Business Manager, Google Cloud (Spanish)"
336,6,"Data Insights Analyst, Trust and Safety"
337,15,"Account Manager, Google Cloud Platform"
338,15,"Account Executive, Democratic Elections"
339,15,"Sales Lead, SMB, Google Cloud Platform"
340,16,"Field Sales Representative, Google Cloud"
341,15,"Account Manager, Display, Media Buying Solutions (Spanish)"
342,15,"Account Executive, Mid Market Sales, Google Marketing Solutions"
343,9,MBA Intern (Korean-English Bilingual) 2018
344,16,"Product Specialist, Google Cloud (English)"
345,16,Brand Solution Strategist
346,6,"Associate Account Strategist, Sales, Google Marketing Solutions (French)"
347,15,"Mobile UX Lead, Large Customer Sales (English, Mandarin)"
348,5,"Partner Business Manager, System Integrator Partnerships"
349,15,DoubleClick Search Lead (Full-time/Part-time)
350,16,"Analytical Lead, Pharmaceutical Vertical"
351,15,"Platform Sales Manager, DoubleClick, Media Buying Solutions"
352,16,"Analyst, Partnerships and Trading, Large Customer Sales"
353,15,Online Sales Account Manager (Dutch)
354,15,"Account Executive, Mid-Market, Google Marketing Solutions (English and German)"
355,5,Partner Onboarding Manager (Americas)
356,5,"Partner Specialist, SMB, Google Cloud"
357,5,"Retail Partnerships Manager, Gift Cards, Google Play"
358,15,"Deal Manager, Google Cloud"
359,6,"Business Trainer, Google Cloud"
360,15,"Partner Business Manager (DACH), System Integrator Partnerships (German)"
361,15,"Account Manager, Media Buying Solutions"
362,15,"Account Strategist, Global Partnerships Sales Engine"
363,16,"Field Sales Representative, Google Cloud"
364,15,"Mobile Web Specialist, LCS Central Europe (German)"
365,5,"Strategic Partner Development Manager, Google Marketing Solutions, Channel Sales"
366,15,GMS Sales Agency Lead
367,6,"Solutions Consultant, Ads, Google Professional Services"
368,15,"Field Sales Representative, Google Cloud (DACH)"
369,15,"Associate Account Strategist (Russian), Global Customer Experience"
370,5,"Business Development Manager, Next Billion Users"
371,15,"Associate Account Strategist, Global Customer Experience (Ukrainian)"
372,15,"Account Manager, Automotive (Japanese, English)"
373,16,"Research Analyst, Market Insights"
374,6,"Partner Sales Engineer Manager, Google Cloud"
375,16,Performance Specialist (Korean)
376,16,"Research Analyst, Market Insights"
377,15,"Deal Manager, Google Cloud"
378,5,"Partner Sales Manager, Go-to-Market Partnerships, Google Cloud"
379,6,"Quantitative Analyst Lead, Trust and Safety"
380,15,"Account Strategist, Global Partnerships Sales Engine"
381,15,Online Sales Account Manager (Czech or Slovak)
382,6,"Business Trainer, Google Cloud"
383,15,"Account Executive (Direct), United Kingdom/Ireland"
384,15,"Agency Lead, Traditional Media Agency, GMS"
385,15,"Growth Manager, US Gaming, Mobile Apps"
386,15,"Partner Business Manager (DACH), System Integrator Partnerships (German)"
387,15,"Manager of Store Operations, Hardware Partnerships"
388,5,"Business Development Manager, Next Billion Users"
389,15,"Business Development Consultant (Spanish), Google Marketing Solutions"
390,15,"Account Manager, DoubleClick (Full-time/Part-time)"
391,15,"Inside Sales Manager North Asia, Google Cloud (English)"
392,15,"Sales Development Manager, Cross-Vertical Team"
393,15,"Strategic Account Sales Manager Central/LatAm, Google Cloud"
394,15,"App Specialist LCS (CEE), App Developer Sales, EMEA (Multiple Languages)"
395,5,"Strategic Partner Development Manager, Carriers (English, German)"
396,5,"Partner Support Manager, Android Partner Engineering"
397,15,"Mobile UX Lead, Large Customer Sales (English, Mandarin)"
398,6,"Product Specialist, Google Cloud"
399,16,"Manager of Store Operations, Hardware Partnerships (English and German)"
400,16,"Field Sales Representative, Google Cloud"
401,15,"Account Manager, Retail Vertical"
402,15,"APAC SMB Account Manager, Google Cloud (Mandarin, Cantonese)"
403,16,"Product Specialist, Google Cloud (English)"
404,5,"Partner Training Manager, Android"
405,15,"Business Development Manager, Agency"
406,15,"Deal Manager, Google Cloud"
407,15,Account Manager
408,5,"Partner Development Manager, Google Cloud"
409,15,"Partner Business Manager (DACH), System Integrator Partnerships (German)"
410,15,"Field Sales Representative, Google Cloud (DACH)"
411,15,Analytical Consultant
412,0,"Cloud Consultant, Professional Services, Google Cloud"
413,15,"Enterprise Customer Development Representative, Google Cloud"
414,15,"App Specialist, App Developer Sales (German)"
415,5,"Strategic Partner Manager, Global Partnerships (Hebrew, Russian)"
416,16,"Analytical Lead, Pure Play Retail"
417,6,"Process Specialist, Curated Formats, Google Technical Services"
418,15,"Account Manager, Google Cloud Platform"
419,15,"Sales Development Manager, Cross-Vertical Team"
420,15,"Associate Account Strategist, Global Customer Services (French)"
421,5,"Online Partner Manager (MENA), YouTube"
422,15,"Analytical Consultant, Finance (Hebrew)"
423,5,"Account Manager, Online Partnerships Group (Thai)"
424,5,"Channel Manager, Hardware Partnerships"
425,15,"Field Sales Representative, Google Cloud"
426,15,"Managing Editor, Google Technical Services, Ads, Scaled Engagement and Learning"
427,15,"SMB Sales Manager, North America, Google Cloud"
428,15,"Account Manager, DoubleClick (Full-time/Part-time)"
429,15,"Field Sales Representative, Google Cloud (DACH)"
430,5,"Global Partnerships Solutions Manager, Telecom"
431,6,"Enterprise Customer Development Representative, Google Cloud (Southeast Asian Language)"
432,15,"Strategic Agency Consultant (MENA), Google Marketing Solutions"
433,5,"Business Development Manager, OEM Partnerships, Google Cloud"
434,16,"Solutions Engineer, Google Cloud"
435,15,"Partner Business Manager (DACH), System Integrator Partnerships (German)"
436,15,"Enterprise Customer Development Representative, Google Cloud (Nordics)"
437,15,"Strategic Agency Consultant (Switzerland, Austria), Google Marketing Solutions"
438,6,"Data Analyst, Trust and Safety"
439,15,"Field Sales Representative, Google Cloud"
440,15,"Account Strategist (English, Portuguese)"
441,5,"Partner Development Manager, Google Cloud"
442,6,"Enterprise Customer Development Representative, Google Cloud (Japanese)"
443,12,"Linguist, Natural Language Understanding, Machine Intelligence"
444,16,"Measurement and Attribution Specialist (English, German)"
445,15,Sales Development Manager (SDM)
446,15,"Field Sales Manager, Google Cloud"
447,15,"Mobile Sites UX and Conversion Specialist (German), Performance Team"
448,15,"Sales Executive, Google Cloud Platform"
449,15,"Account Manager, Channel Sales"
450,15,Online Sales Account Strategist (Italian)
451,15,"Sales Associate, Large Customer Sales"
452,15,"Associate Account Strategist (Polish), Google Marketing Solutions Sales"
453,15,"Business Development Consultant, Google Marketing Solutions (Italian)"
454,5,"Publisher Intelligence Analyst, Online Partnerships Group"
455,15,GMS Sales Agency Lead
456,5,"Partner Sales Manager, Go-to-Market Partnerships, Google Cloud"
457,15,"Analytical Lead, Home and Personal Care Vertical"
458,16,"Data Analyst, SMB Sales Growth Programs, Google Cloud"
459,15,"Inside Sales Executive, Google Cloud"
460,6,"Sales Engineering Manager, Shared Services, Google Cloud"
461,5,"Partner Strategy Planning Lead, Google Cloud"
462,5,"Strategic Partner Development Manager, New Ads Business Development"
463,15,"Mobile UX Specialist, Large Customer Sales (English, Japanese)"
464,15,"Manager, Mid Market Sales"
465,5,"Partner Operations Manager, Commerce, Google Technical Services"
466,9,"Product Strategist, Growth, YouTube"
467,6,"Associate Account Strategist, Sales, Google Marketing Solutions (Spanish)"
468,15,"Account Manager, Google Cloud Platform"
469,5,"Strategic Partner Development Manager, New Ads Business Development"
470,15,"Platforms Industry Manager, DoubleClick and Google Analytics 360"
471,5,"Global Partnerships Solutions Manager, Telecom"
472,15,"Account Executive, Waze"
473,16,"Measurement and Attribution Specialist (English, German)"
474,15,"Field Sales Representative, Google Cloud"
475,15,"Analytical Lead, Media and Entertainment Vertical"
476,15,"Mobile Web Specialist, LCS Central Europe (German)"
477,5,"Global Partnerships Solutions Lead, News and Publishing"
478,15,"Sales and Customer Growth Strategist, Google Cloud (Spanish)"
479,15,"Field Sales Representative, Google Cloud"
480,15,"Account Executive, Programmatic (Spanish)"
481,16,"Deal Manager, Google Cloud"
482,5,"Strategic Partner Manager (Technical), Channel Sales"
483,15,"Account Executive, Waze (Spanish)"
484,13,"Technical Analytics Architect, Google Cloud Online Experience"
485,15,"Google Analytics Solutions, Specialist (Korean)"
486,15,"Deal Manager, Google Cloud"
487,5,"Global Technical Alliance Manager, Strategic Consultative Partnerships"
488,5,"Partner Development Manager, Online Partnerships Group (English, Mandarin)"
489,6,"Quantitative Analyst, Trust and Safety"
490,17,"Google Cloud Customer Engineer Manager, Financial Services"
491,16,"Field Sales Representative, Google Cloud"
492,15,Search Specialist (Swedish)
493,16,"Product Specialist, Google Cloud (English)"
494,15,"Sales Lead, SMB, Google Cloud Platform"
495,16,"Product Specialist, Google Cloud (English)"
496,15,"Account Executive, Google Cloud"
497,15,"Field Sales Representative, Google Cloud"
498,15,"Partner Business Manager (DACH), System Integrator Partnerships (German)"
499,15,"Head of South East Asia Inside Sales, Google Cloud (English)"
500,5,"Partner Business Manager, System Integrator Partnerships"
501,15,"Deal Lead, Japan (English, Japanese)"
502,6,"Business Trainer, Google Cloud"
503,15,Brand Specialist (Fixed-Term Employee)
504,5,"Partner Development Manager, Google Cloud"
505,16,"Field Sales Representative, Google Cloud"
506,15,"Account Manager, Large Customer Sales"
507,15,Online Sales Account Manager (Spanish)
508,15,"Strategic Cloud DevOps and Infrastructure Engineer, Google Cloud Professional Services"
509,6,"Enterprise Customer Development Representative, Google Cloud (English, Mandarin, Cantonese)"
510,6,"Program Manager, Cloud Platform Sales Development, Google Cloud"
511,0,Store Operations Associate
512,15,"Account Manager, Retail Vertical"
513,6,"Associate Account Strategist, Global Customer Experience (Spanish)"
514,6,"Enforcement Analyst, Trust and Safety, YouTube"
515,15,"Industry Manager, Telecom (English and Russian speaking)"
516,15,"Field Sales Representative, Google Cloud (DACH)"
517,5,"Associate Partnership Manager, Hardware Partnerships (Part-time/Full-time)"
518,15,"Account Strategist, Google Marketing Solutions Sales (Portuguese)"
519,5,Partner Onboarding Manager (Americas)
520,15,"Account Manager, Media, Large Customer Sales (UKI)"
521,15,"Inside Sales and Customer Growth Representative, Google Cloud (English, Mandarin, Cantonese)"
522,15,"Programmatic Industry Manager (English, Bahasa Indonesia)"
523,15,"Market Lead, Google Marketing Solutions (Lithuanian, Latvian or Estonian)"
524,6,"Product Specialist, Google Cloud"
525,15,"Sales Manager, Gaming, Mobile Apps"
526,15,"Online Sales Account Manager, Large Customer Sales (Norwegian, Danish, Swedish)"
527,5,"Global Partnerships Solutions Manager, Telecom"
528,5,"Partner Development Manager, Google Cloud"
529,15,"Field Sales Representative, Google Cloud"
530,16,"Measurement and Attribution Specialist (English, German)"
531,16,"Solutions Engineer, Google Cloud"
532,15,"Inside Sales Manager Japan, Google Cloud"
533,18,"Head of Government Channels, Google Cloud"
534,15,"Platform Sales Manager, Media Platforms Account Lead"
535,15,"Industry Manager, Branding (English, Russian)"
536,5,"Partner Sales Manager, Go-to-Market Partnerships, Google Cloud"
537,5,"Business Development Manager, Google Cloud Partnerships"
538,15,"Enterprise Customer Development Representative, Google Cloud (French)"
539,15,"Account Manager, Mobile App Sales (Vietnamese, English)"
540,16,"Field Sales Representative, Google Cloud (English, Dutch, French)"
541,15,"Deal Manager, Google Cloud"
542,15,"Head of India Inside Sales, Google Cloud"
543,15,"Field Sales Representative, Google Cloud (DACH)"
544,15,"Business Development Manager, Rich Communications Services (RCS)"
545,6,"Partner Support Manager, Chromebook, Platforms and Ecosystems"
546,15,"Political Advertising Program, Summer-Fall 2018"
547,16,"Field Sales Representative, Google Cloud"
548,6,"Community Manager, Social/Communications, Hardware"
549,15,"Strategic Partner Manager (Nordics), Online Partnerships Group"
550,5,"Manager of Store Operations, Hardware Partnerships"
551,15,"Account Manager, DoubleClick (Mandarin)"
552,5,"Strategic Partner Manager, Global Partnerships (Hebrew, Russian)"
553,15,Platforms Account Manager
554,5,"Mobile Apps Technical Specialist, Online Partnership Group (English and Vietnamese or Hindi)"
555,15,"Field Sales Manager, Google Cloud"
556,15,"Sales Manager (DACH), Google Cloud"
557,15,"Inside Sales Manager, Google Cloud"
558,15,"Head of Inside Sales, Google Cloud (English)"
559,15,"Sales Engineer, Google Cloud"
560,16,"Inside Sales Representative, Google Cloud"
561,15,"Account Strategist, Global Partnerships Sales Engine"
562,15,"Platform Sales Manager, Media Platforms Account Lead"
563,15,"Head of Channel Sales, Russia and CIS"
564,6,"Associate Account Strategist, GMS Sales and Services, University Graduate"
565,6,"Associate Account Strategist (Romanian), Google Marketing Solutions Sales"
566,6,"Sales Engineering Manager, Shared Services, Google Cloud"
567,0,"Head of Professional Services (English, French)"
568,16,"Field Sales Representative, Google Cloud"
569,6,"Vendor Strategy Manager, Google Technical Services"
570,15,Account Manager
571,15,"Mobile Web Specialist, LCS Central Europe (German)"
572,15,"Field Sales Representative, Google Cloud"
573,15,"Enterprise Customer Development Representative, Google Cloud (Italian)"
574,15,Head of Creative Agencies
575,5,"Inside Sales and Customer Growth Representative, Google Cloud"
576,15,"Account Manager, Branding"
577,6,"Enterprise Customer Development Representative, Google Cloud (English, Korean)"
578,16,"Data Science Analyst, Revenue Strategy and Operations, Google Marketing Solutions"
579,6,"Associate Account Strategist, Global Customer Experience (Italian)"
580,5,"Partner Specialist, SMB, Google Cloud"
581,15,"Strategic Partner Manager, Carrier"
582,15,Account Strategist (Hebrew)
583,5,"Partner Sales Manager, Go-to-Market Partnerships, Google Cloud"
584,15,"Shopping Specialist, Large Customer Sales (English, Mandarin)"
585,15,"Account Manager, Google Cloud Platform"
586,5,"Android Platform Partnerships Lead, Android and Play Business (French)"
587,15,"Account Manager, Display, Media Buying Solutions (Italian)"
588,15,"Account Manager, App Developer Sales"
589,15,"Cloud Manager (German), Inside Sales"
590,15,"Associate Account Strategist (Czech/Slovak), Sales, Google Marketing Solutions"
591,14,"Technical Solutions Consultant, Android Automotive, Android Partner Engineering"
592,15,"Field Sales Representative, Google Cloud"
593,15,"Field Sales Manager, Google Cloud"
594,15,"Associate Account Strategist (Hungarian), GMS Sales"
595,15,"Analytical Consultant, Auto (English, Russian)"
596,15,Online Sales Account Manager (Portuguese)
597,5,"Partner Growth Lead, Global Technology Partnerships (English, German)"
598,15,"Enterprise Customer Development Representative, Google Cloud (Spanish)"
599,15,"Mobile UX Lead, Large Customer Sales (English, Mandarin)"
600,17,"BOLD Intern, Summer 2018"
601,13,"Product Marketing Manager, YouTube"
602,13,"Program Manager, Web Producer, Google Cloud"
603,13,"Social Marketing Manager, Google Social Lab"
604,13,"Product Specialist, New Hardware Devices and Platforms, Google Play"
605,13,"Partner Marketing Manager, Google Cloud"
606,13,"Operations Manager, International and COO Communications, Google Cloud"
607,13,Business Intern 2018
608,13,"Live Show Producer, Events and Experiences"
609,13,Business Intern 2018
610,9,"MBA Intern, Summer 2018"
611,13,"Head of Field Marketing (North Asia), Google Cloud"
612,13,Business Intern 2018
613,13,"Communications Manager, Ads and Commerce"
614,13,"Product Marketing Manager, IoT, Google Cloud Platform"
615,13,Business Intern 2018
616,13,"Merchandising Manager, Games, Google Play (English, Russian)"
617,13,Business Intern 2018
618,19,MBA Intern 2018
619,13,"Product Marketing Manager, Google Play, Japan (English, Japanese)"
620,17,"BOLD Intern, Summer 2018"
621,13,"Industry Public Relations Manager, Google Cloud"
622,13,"Partner Public Relations Manager, Google Cloud"
623,13,"Communications Manager, Developer and Emerging Ads"
624,13,"Product Marketing Manager, IoT, Google Cloud Platform"
625,13,"Product Manager, Growth, Waze"
626,13,"Associate Product Marketing Manager Program (APMM), Japan Hardware Marketing"
627,13,"Internal Communications Manager, Ads and Commerce"
628,13,"Global Campaigns Manager, Google Cloud (Apigee)"
629,13,"Content Strategist, Consumers, Google Technical Services"
630,13,"Customer Growth Marketing Manager, Google Cloud"
631,9,MBA Intern (Korean-English Bilingual) 2018
632,13,"Product Marketing Manager, Databases, Google Cloud"
633,13,Communications Manager (Full-time/Part-time)
634,19,MBA Intern 2018
635,13,"Central Strategy and Operations Lead, Cloud Marketing"
636,9,"MBA Intern, Summer 2018"
637,13,Business Intern 2018
638,13,Media Research Manager (English and Turkish speaker)
639,13,"SEO Strategist, Online Experience, Google Cloud"
640,13,Business Intern 2018
641,13,"Americas Books Merchandising Manager, Google Play"
642,13,Internal Executive Communications and Event Producer
643,13,"Consumer Product Marketing Manager, YouTube"
644,9,"MBA Intern, Summer 2018"
645,9,"MBA Intern, Summer 2018"
646,13,"Visual Designer, Brand Studio"
647,13,Digital Marketing Strategist (German)
648,13,"Field Marketing Manager, Apigee"
649,13,"Head of Internal Communications, Distribution and Go-to-Market, Google Cloud"
650,13,"Research Analyst, Market Insights"
651,13,"Customer Public Relations Manager, Google Cloud"
652,13,"Product Marketing Manager, Google Cloud Platform Monitoring, Google Cloud"
653,17,"BOLD Intern, Summer 2018"
654,13,"Product Marketing Manager, Direct SMB Acquisitions"
655,13,"Global Head of Music Social and Influencer Marketing, Marketing, YouTube"
656,13,"Communications Analyst, Physical Security"
657,13,"Product Marketing Manager, Apigee Google Cloud Platform"
658,13,Business Intern 2018
659,13,Business Intern 2018
660,13,Business Intern 2018
661,17,"Business Intern 2018, Mexico"
662,13,"Product Marketing Manager, Growth, Hire Team"
663,17,"Business Intern 2018, Colombia"
664,13,Business Intern 2018
665,9,"Global Head of Strategy and Operations, Brand Studio"
666,13,Business Intern 2018
667,13,Business Intern 2018
668,17,"BOLD Intern, Summer 2018"
669,13,"Business Intern 2017, Australia"
670,13,"Brand and Creative Strategist, Brand Studio (APAC)"
671,13,Head of BrandLab
672,13,"Manager, Corporate Communications, Google Cloud"
673,13,"Manager, Corporate Communications, Google Cloud"
674,13,"Developer Product Marketing Manager, Google Play"
675,19,MBA Intern 2018
676,13,"Customer Reference Marketing Manager, Google Cloud"
677,13,"Global Head of Music Social and Influencer Marketing, Marketing, YouTube"
678,13,Business Intern 2018
679,13,"Director of Go-To-Market Communications, Google Cloud"
680,13,"Partner Marketing Manager, Google Cloud Marketing (Japan)"
681,13,"Marketing Analytics Manager, SMB Marketing"
682,9,"MBA Intern, Summer 2018"
683,13,"Ads Marketing Manager, Latin America, Waze (Spanish)"
684,19,MBA Intern 2018
685,13,"Product Marketing Manager, YouTube Music and Subscriptions"
686,13,"Product Marketing Manager (PMM), SMB Marketing"
687,13,Business Intern 2018
688,13,Business Intern 2018
689,13,"Business Development Consultant, Google Marketing Solutions (Swedish)"
690,13,"Digital Analyst, Google Cloud Online Experience"
691,13,"Communications Manager, Ads and Commerce"
692,17,"BOLD Intern, Summer 2018"
693,19,MBA Intern 2018
694,13,"Communications Manager, Developer and Emerging Ads"
695,13,"Industry Public Relations Manager, Google Cloud"
696,13,Communications Manager (Full-time/Part-time)
697,13,"Communications and Programs Manager, Google Technical Services"
698,13,"Product Marketing Manager, CRM, Google Store"
699,13,"Global Lead, Industry Solutions, Health and Life Sciences Marketing, Google Cloud"
700,13,"Head of Creative, Retail Marketing"
701,13,Business Intern 2018
702,13,"Product Marketing Manager, Digital Skills for Economic Impact"
703,13,Business Intern 2018
704,17,"BOLD Intern, Summer 2018"
705,13,"Partner Marketing Manager, Retail"
706,13,"Retail Strategy Lead, Retail Marketing"
707,13,"Director of Go-To-Market Communications, Google Cloud"
708,13,"Program Manager/Producer, Global Hardware Marketing"
709,13,Business Intern 2018
710,13,"Associate Account Strategist, Sales, Google Marketing Solutions (English and Russian)"
711,13,"Technical Analytics Architect, Google Cloud Online Experience"
712,13,"Store Campaigns Manager, Merchandising, Google Play"
713,13,Business Intern 2018
714,13,Business Intern 2018
715,13,Internal Communications Manager
716,13,"Program Manager, Communications, Google Cloud"
717,13,"Creative Lead, Marketing (India)"
718,13,"Head of Field Marketing, Google Cloud (English, German)"
719,17,"BOLD Intern, Summer 2018"
720,13,"Customer Public Relations Manager, Google Cloud"
721,13,"Copywriter, Web, Google Cloud"
722,13,"Communications Manager, Ads and Commerce"
723,13,Business Intern 2018
724,13,"Events Manager Lead, Google Cloud Marketing"
725,13,Business Intern 2018
726,17,"Business Intern 2018, Brazil"
727,13,"Communications Manager, Developer and Emerging Ads"
728,13,Media Research Manager
729,13,"Partner Public Relations Manager, Google Cloud"
730,13,"Branding and Video Specialist, Northern Europe"
731,13,Business Intern 2018
732,9,"MBA Intern, Summer 2018"
733,13,"Communications Manager, Search"
734,13,Business Intern 2018
735,13,Product Marketing Manager
736,13,"Marketing Analyst, Product Growth"
737,13,"Interactive Design Manager, Retail Marketing"
738,13,"Visual Designer, Events and Experiences"
739,13,"Internal and Executive Communications Associate, Daydream"
740,13,"Marketing Analytics Manager, Retail Marketing"
741,13,Executive Briefing Manager
742,13,AR and VR Writer
743,13,"Internal Communications Manager, Ads and Commerce"
744,13,Business Intern 2018
745,13,"Creative Technology Lead, Brand Studio (APAC)"
746,13,"Product Marketing Manager, SMB Marketing (Spanish)"
747,13,Business Intern 2018
748,13,Internal Communications Manager
749,13,Public Policy and Government Relations Manager for Southern Cone (English and Spanish speaker)
750,13,"Product Marketing Manager, Networking, Google Cloud"
751,17,Business Intern 2018
752,13,"Global Go-to-Market Strategy Lead, Retail Marketing"
753,9,"MBA Intern, Summer 2018"
754,13,"Product Marketing Manager, Google Analytics"
755,13,Business Intern 2018
756,13,"Product Marketing Manager, Startups, SMB Marketing (English, German)"
757,13,"Product Marketing Manager, Consumer Strategy"
758,13,"Product Marketing Manager, Growth, Hire Team"
759,13,"Demand Generation Marketing Manager, North America Growth Marketing, Google Cloud"
760,19,MBA Intern 2018
761,13,"Head of Communications, EMEA Marketing"
762,13,"Operations Manager, International and COO Communications, Google Cloud"
763,13,"Product Marketing Manager, Windows, Google Cloud Platform"
764,13,Consumer Insights Manager
765,13,"Data Strategist, Online Partnerships Group"
766,13,Business Intern 2018
767,13,"Global Lead, Industry Solutions, Health and Life Sciences Marketing, Google Cloud"
768,9,"Head of Growth Marketing Strategy, Google Play"
769,13,"Policy Advisor, Trust and Safety"
770,13,"Content Policy Manager, Asia Pacific (Full-time/Part-time)"
771,13,"Communications and Programs Manager, Google Technical Services"
772,17,"Business Intern 2018, Argentina"
773,13,Business Intern 2018
774,13,Associate Product Marketing Manager
775,13,"Product Marketing Manager, IoT, Google Cloud Platform"
776,13,"Communications Manager, Search"
777,13,"Channel Partner Marketing Manager, Devices, Google Cloud"
778,13,Business Intern 2018
779,13,Business Intern 2018
780,9,"MBA Intern, Summer 2018"
781,13,"Product Marketing Manager, Google Hardware"
782,13,"Alliances Marketing Manager, Google Cloud"
783,19,MBA Intern 2018
784,20,"Design Producer, Hardware"
785,20,"User Experience Design Intern, Summer 2018"
786,20,Interaction Designer
787,20,User Experience Researcher
788,20,"User Experience Research Intern, Summer 2018"
789,20,"User Experience Design Intern, Summer 2018"
790,20,"User Experience Engineer Intern, Summer 2018"
791,20,"User Experience Research Intern, Summer 2018"
792,20,"UX Researcher (English, Mandarin)"
793,20,User Experience Researcher
794,20,"Android UX Engineer, Design"
795,20,Quantitative User Experience Researcher
796,20,User Experience Researcher
797,20,"User Experience Writer Intern, Summer 2018"
798,20,User Experience Researcher
799,20,"User Experience Design Intern, Summer 2018"
800,20,"Industrial Designer, Hardware"
801,20,Interaction Designer
802,20,Interaction Designer
803,20,User Experience Researcher
804,20,"UX Engineer, Front End"
805,20,"UX Engineer, Front End"
806,20,Visual Designer
807,20,User Experience Research Lead
808,20,"Android UX Engineer, Front End, Waze"
809,20,"User Experience Design Intern, Mid-Year 2018"
810,20,"Industrial Design Intern, Summer 2018"
811,20,Interaction Designer
812,20,User Experience Researcher
813,20,UX Content Strategist Lead
814,20,"User Experience Design Intern, Summer 2018"
815,20,Visual Designer
816,20,"UX Engineer, Front End, Waze"
817,20,"User Experience Design Intern, Summer 2018"
818,20,"User Experience Design Intern, Summer 2018"
819,20,Voice User Interface Designer
820,20,"User Experience Writer Intern, Summer 2018"
821,20,User Experience Researcher
822,20,"Interaction Designer, Google Photos"
823,20,Interaction Designer
824,20,"User Experience Engineer Intern, Summer 2018"
825,20,"User Experience Research Intern, Summer 2018"
826,20,UX Design Manager
827,20,UX Writer
828,20,"User Experience Research Intern, Summer 2018"
829,20,"User Experience Engineer Intern, Summer 2018"
830,20,"User Experience Research Intern, Summer 2018"
831,12,"Linguist, Natural Language Understanding, Machine Intelligence"
832,20,"User Experience Researcher, Google Cloud Support"
833,20,UX Writer
834,20,User Experience Research Lead
835,20,"Regional Lead (APAC), Google Assistant Personality, Doodle Team"
836,20,UX Content Strategist
837,20,UX Design Manager
838,20,Voice User Interface Designer
839,20,UX Design Manager
840,20,Interaction Designer
841,20,UX Design Manager
842,20,Quantitative User Experience Researcher
843,20,Hardware Interaction Designer
844,20,Visual Designer
845,20,Interaction Designer
846,20,Interaction Designer
847,20,Quantitative User Experience Research Lead
848,20,"User Experience Engineer Intern, Summer 2018"
849,20,User Experience Research Lead
850,20,Visual Designer
851,20,User Experience Researcher
852,20,UX Design Lead
853,20,"User Experience Design Intern, Summer 2018"
854,20,"UX Engineer, Design (Android or iOS)"
855,20,Interaction Designer
856,20,"Interaction Designer, YouTube"
857,20,Interaction Designer
858,20,Interaction Designer
859,20,User Experience Researcher
860,20,Quantitative User Experience Researcher
861,20,UX Program Manager
862,20,Interaction Designer
863,20,"Interaction Designer, Publisher UX"
864,20,"Interaction Designer, Site Reliability - London"
865,20,"User Experience Researcher, Play"
866,20,"User Experience Research Intern, Summer 2018"
867,20,Visual Designer
868,20,UX Design Manager
869,9,"Operations Manager, Global Partnerships"
870,9,"MBA Intern, Summer 2018"
871,9,"Curriculum Architect Manager, Scaled Engagement and Learning, Google Technical Services"
872,19,MBA Intern 2018
873,9,"Strategy and Business Analyst, Go-to-Market, Google Marketing Solutions"
874,9,"Chief of Staff, Google Hardware"
875,9,Lead Data Scientist
876,9,MBA Intern (Korean-English Bilingual) 2018
877,9,"Product Analyst, Data Science"
878,19,MBA Intern 2018
879,9,"MBA Intern, Summer 2018"
880,9,"MBA Intern, Summer 2018"
881,9,"MBA Intern, Summer 2018"
882,9,"Business Operations Lead, Google Play"
883,9,"Consumer Operations Product Support Manager, (Multiple Products)"
884,9,"Business Intern, Veteran"
885,9,"Product Analyst, Data Science"
886,9,"Product Analytics Lead, Data Science"
887,9,"Business Strategy Lead, Phones Business"
888,9,"Head of Business Development, Strategic Partnerships, Google Cloud"
889,9,"Strategy and Operations Manager, Consumer Hardware Products"
890,9,"Global Head of Strategy and Operations, Brand Studio"
891,9,"SMB Sales Manager, International, Google Cloud"
892,9,Global Business Strategy Manager
893,9,"Product Analyst, Data Science"
894,9,"Project Manager (EMEA), Customer Experience, Go-to-Market"
895,19,MBA Intern 2018
896,9,"Global Business Strategy Manager, Sales Productivity, Central Strategy and Operations"
897,9,"Scaled Abuse Analyst, YouTube"
898,9,"Partner Strategy Planning Lead, Google Cloud"
899,9,"Business Systems Analyst, PLM and CAD"
900,9,"Lead Product Analyst, Data Science"
901,9,"MBA Intern, Summer 2018"
902,19,MBA Intern 2018
903,9,"Global Business Strategy Manager, Sales Productivity, Central Strategy and Operations"
904,9,Network Business Analyst
905,9,"Strategy and Operations Manager, Go-To-Market, Partnerships"
906,9,"Business Analyst, Google Play Partner Promotions Strategy"
907,9,"Head of Go-To-Market, Brazil"
908,19,MBA Intern 2018
909,9,"Data Scientist / Quantitative Analyst Technical Lead, Engineering"
910,9,"Head of Platforms and Display, Go-to-Market Strategy and Operations"
911,9,"Business Strategy Lead, Phone Accessories (Google Hardware)"
912,9,"Product Strategist, Growth, YouTube"
913,9,"Strategy Associate, Search and Assistant Distribution, Global Partnerships"
914,9,"Agency Go-to-Market and Business Analytics Manager, Spanish Speaking LatAm"
915,9,"Enterprise Customer Development Representative, Google Cloud (German)"
916,9,Strategy and Insights Associate/Manager
917,9,"Go-To-Market Strategy Manager (EMEA), Pixel"
918,9,"Strategy and Operations Analyst, Ad Grants"
919,9,"Principal, Strategy, YouTube"
920,9,"Go-to-Market Specialist, Google Cloud"
921,9,"MBA Intern, Summer 2018"
922,9,Risk and Compliance Manager
923,9,"Business Analyst Intern, Summer 2018"
924,9,Android Device Strategy Lead
925,9,"Market Intelligence Analyst, Consumer Hardware Products"
926,9,"Business Analyst, Strategic Relationships, Japan"
927,9,"User Engagement Strategy Manager, Google Technical Services, Scaled Engagement and Learning"
928,9,"Associate, Business Operations and Strategy"
929,9,"Strategy and Operations Excellence Analyst, Google Marketing Solutions"
930,9,"Go-to-Market Lead, Southeast Asia/India Partnerships"
931,9,"MBA Intern, Summer 2018"
932,9,"Product Analyst, Data Science"
933,9,"Data Scientist / Quantitative Analyst Technical Lead, Engineering"
934,19,MBA Intern 2018
935,9,"Business Systems Analyst, Financial Applications"
936,9,"Head of Growth Marketing Strategy, Google Play"
937,9,"Go-to-Market Specialist, Google Cloud"
938,9,"MBA Intern, Summer 2018"
939,9,"Product Analytics Lead, Data Science"
940,19,MBA Intern 2018
941,17,"BOLD Intern, Summer 2018"
942,17,Accountant
943,17,"Internal Audit, Technology Auditor"
944,17,"Senior Technology Auditor, Internal Audit"
945,17,Brand and Reputation Strategy Lead
946,17,"Payroll Operations Controller, Financial Operations (English, Portuguese)"
947,17,"Risk Advisor, YouTube"
948,9,"MBA Intern, Summer 2018"
949,17,"Inventory Accounting Manager, Consumer Hardware"
950,19,MBA Intern 2018
951,17,"BOLD Intern, Summer 2018"
952,17,"APAC Accounting Lead, Non-Ads Products"
953,9,MBA Intern (Korean-English Bilingual) 2018
954,17,Strategic Vendor Manager
955,19,MBA Intern 2018
956,17,"Business Intelligence and Analytics Manager, Finance"
957,9,"MBA Intern, Summer 2018"
958,17,Supply Chain Procurement Operations Manager
959,9,"MBA Intern, Summer 2018"
960,9,"MBA Intern, Summer 2018"
961,17,"Senior Tax Manager, Treasury"
962,17,"Finance Manager, Pixel"
963,17,"BOLD Intern, Summer 2018"
964,17,Treasury Accounting Manager
965,17,"Senior Manager, Alphabet IT Internal Controls, SOX and Compliance"
966,17,SOX Ads Revenue Analyst
967,17,"Business Intern 2018, Mexico"
968,17,Accounting Manager
969,17,"Revenue Accountant, Cloud Business Finance"
970,17,"Business Intern 2018, Colombia"
971,17,"Tax Analyst, Employment Tax"
972,17,"BOLD Intern, Summer 2018"
973,17,"Revenue Senior Accountant, Business Controllership, Consumer Hardware"
974,17,"Anti-Money Laundering (AML) Operations Manager, Payments Compliance"
975,17,Investment Grade Trader
976,17,Financial Accountant/Controller
977,19,MBA Intern 2018
978,17,Alphabet Corporate Accounting Manager
979,17,"Head of Ads Finance, Acquisitions, Google Marketing Solutions"
980,17,"Finance Auditor, Internal Audit"
981,17,"Financial Analyst, Central Finance Planning and Analysis"
982,9,"MBA Intern, Summer 2018"
983,19,MBA Intern 2018
984,17,"Principal, Financial Technology and Strategy, Alphabet"
985,17,"Business Intelligence Analyst, Finance"
986,17,"Revenue Vendor Strategy, Risk and Payments Specialist"
987,17,Strategic Sourcing Manager
988,17,"Forensic Auditor, Internal Audit"
989,17,"Finance Manager, Google Technical Services"
990,17,"BOLD Intern, Summer 2018"
991,19,MBA Intern 2018
992,17,Financial Analyst
993,17,Senior Accountant
994,17,"Trading Analyst, Foreign Exchange"
995,17,"BOLD Intern, Summer 2018"
996,17,Portfolio Strategist
997,17,Accountant
998,17,"Director, Global Payroll Operations"
999,17,"APAC Manager, Employment Tax"
1000,17,"Financial Analyst, Google Cloud"
1001,17,Financial Analyst
1002,17,"Google Cloud Customer Engineer Manager, Financial Services"
1003,17,"Revenue Accountant, Home Products"
1004,17,Accounting Manager
1005,17,"Finance Manager, Photos"
1006,17,"BOLD Intern, Summer 2018"
1007,17,Payments Compliance Regulatory Licensing and Reporting Manager
1008,17,"Accountant, Payments"
1009,17,"Internal Audit, Technology Audit Manager"
1010,17,"Compliance Manager (SOX), Internal Controls"
1011,17,"Residual Manager, YouTube Originals"
1012,17,"Business Intern 2018, Brazil"
1013,17,"Payroll Business Systems Analyst, HR Interfaces"
1014,17,"Senior Manager, Supply Chain"
1015,17,"Accountant, Home Products"
1016,17,Entity Controller
1017,9,"MBA Intern, Summer 2018"
1018,17,"Internal Audit, Infrastructure Technology Audit Manager"
1019,17,"Internal Controls (SOX) Manager, Cloud Business Finance"
1020,17,Alphabet Corporate Accounting Manager
1021,17,"Portfolio Manager, Investment Grade Corporates"
1022,17,Senior Credit Research Analyst
1023,17,Business Intern 2018
1024,17,"North America Payroll, Project and Process Manager"
1025,17,"Program Manager, Alphabet PMO"
1026,17,"Supply Chain Finance Senior Analyst, Consumer Hardware"
1027,9,"MBA Intern, Summer 2018"
1028,19,MBA Intern 2018
1029,17,Treasury Accountant
1030,17,"Finance Director, Google Fixed Assets (GFA)"
1031,17,Revenue Systems Senior Accountant
1032,17,Senior Financial Analyst
1033,17,"Residual Manager, YouTube Originals"
1034,17,"Senior Accountant, Revenue, Cloud Business Finance"
1035,17,"Business Intern 2018, Argentina"
1036,17,SAP Alphabet Senior Accountant
1037,17,"Senior Accountant, Play Business Controller"
1038,17,"Finance Manager, Google Cloud Customers"
1039,17,Senior Treasury Analytics Manager
1040,17,"U.S. Tax Analyst, Employment Tax"
1041,9,"MBA Intern, Summer 2018"
1042,19,MBA Intern 2018
1043,18,Privacy Counsel
1044,18,Public Policy and Government Relations Manager
1045,18,Trademark Counsel
1046,18,"Associate Legal Counsel, Commercial"
1047,18,"Counsel, Regulatory Investigations"
1048,18,Associate Legal Counsel (English and Russian)
1049,18,Associate Legal Counsel (Commercial) Google Cloud
1050,18,"AdSpam Analyst, Trust and Safety"
1051,18,"Associate Legal Counsel, Commercial, Google Cloud"
1052,18,"Operations Support Associate (French), Legal Online Support"
1053,18,Legal Operations Analyst
1054,18,"Regional Legal Counsel, Japan"
1055,18,Privacy Counsel
1056,18,"Legal Specialist, Litigation Paralegal"
1057,18,Privacy Counsel
1058,18,"Associate Contracts Manager, Ads"
1059,17,"Business Intern 2018, Mexico"
1060,17,"Business Intern 2018, Colombia"
1061,18,"Associate Legal Counsel, Development, Production and Licensing, YouTube Originals"
1062,18,"Ethics and Compliance Associate Counsel, US Political Law"
1063,18,"Associate Legal Counsel, Commercial (Google Cloud Platform)"
1064,18,"Team Lead, Online Support"
1065,18,"Associate Commercial Counsel, Google Cloud"
1066,18,"Operations Specialist (Polish), Online Legal Support"
1067,18,US GAAP Accountant
1068,18,Associate Product Counsel
1069,18,"Legal and Policy Operations Specialist (English and Korean), YouTube"
1070,18,"Legal Specialist Team Lead, Online Operations"
1071,18,"Associate Contracts Manager, Cloud"
1072,18,Legal Intern
1073,18,Public Policy and Government Relations Manager
1074,18,Regional Counsel
1075,18,"Associate Commercial Counsel, Research (Health)"
1076,18,Regional Counsel
1077,18,Regional Counsel (Southeast Asia)
1078,17,"Business Intern 2018, Brazil"
1079,18,Legal Assistant
1080,18,"Head of Government Channels, Google Cloud"
1081,18,"Associate Legal Counsel, Commercial, Ads"
1082,18,"Associate Legal Counsel, Commercial, Ads"
1083,18,Associate Commercial Counsel
1084,17,Business Intern 2018
1085,18,"Associate Legal Counsel (Commercial), Mobile"
1086,18,Associate Legal Counsel
1087,18,"Legal Counsel, Development, Production and Licensing, YouTube Originals"
1088,18,"Product/Commercial Counsel (EMEA), Display, Analytics and Syndication"
1089,17,"Business Intern 2018, Argentina"
1090,18,"Legal Specialist Team Lead, Online Operations"
1091,18,"Field Sales Representative, Federal Government, Google Cloud"
1092,18,"Field Sales Representative, Federal Government, Google Cloud"
1093,21,Recruiter
1094,21,Staffing Manager
1095,21,"Project Manager, Staffing Services Operations"
1096,17,"BOLD Intern, Summer 2018"
1097,21,Google Childrens Center Teacher
1098,21,"Recruiter, Google Cloud (Japanese or Korean)"
1099,21,Global Head of Technical Staffing Operations
1100,21,"Operations Specialist, Google People Services"
1101,21,"Program Manager (Risk Management), Extended Workforce Solutions"
1102,21,"HR Business Partner, Employee Relations"
1103,21,"Manager, Online Hiring Strategy & Inbound Marketing"
1104,21,People Consultant
1105,21,"Operations Specialist, Google People Services (Traditional Mandarin)"
1106,9,"MBA Intern, Summer 2018"
1107,21,Sourcing Team Manager
1108,21,Staffing Programs Specialist
1109,21,People Partner
1110,21,Recruiter
1111,19,MBA Intern 2018
1112,17,"BOLD Intern, Summer 2018"
1113,21,Recruiter (GBOP)
1114,19,MBA Intern 2018
1115,21,"Specialist, Tech Programs and Events, Google Cloud"
1116,9,"MBA Intern, Summer 2018"
1117,21,Recruiter
1118,21,Leadership Staffing Recruiter
1119,21,"Project Lead, Staffing Services Operations Team"
1120,21,People Consultant
1121,21,"Recruiter, Google Cloud"
1122,21,Process Design and Technology Project Manager
1123,21,People Consultant
1124,9,"MBA Intern, Summer 2018"
1125,9,"MBA Intern, Summer 2018"
1126,21,Recruiter
1127,21,"Global Solutions Advisor, Extended Workforce Solutions"
1128,21,"People Analyst, Reporting and Insights"
1129,21,"Policy Specialist, Extended Workforce Solutions"
1130,21,Tech Recruiter
1131,17,"BOLD Intern, Summer 2018"
1132,21,Associate Lead Recruiter (Hardware)
1133,21,Staffing Services Associate
1134,21,Associate Lead Recruiter (Hardware)
1135,17,"Business Intern 2018, Mexico"
1136,17,"Business Intern 2018, Colombia"
1137,21,Talent Acquisition Specialist
1138,21,Staffing Channels Specialist
1139,21,People Consultant
1140,21,Leadership Staffing Recruiter
1141,21,Process Design and Technology Project Manager
1142,17,"BOLD Intern, Summer 2018"
1143,13,"Business Intern 2017, Australia"
1144,21,Staffing Channels Specialist
1145,21,Staffing Services Lead
1146,21,"Leadership Researcher, APAC"
1147,19,MBA Intern 2018
1148,19,"Research Programs Specialist, Tech Programs and Events"
1149,21,People Partner
1150,21,Recruiter
1151,21,"Operations Specialist, Google People Services"
1152,21,Disability Accommodation Specialist
1153,9,"MBA Intern, Summer 2018"
1154,19,MBA Intern 2018
1155,21,"Operations Specialist, Google People Services (Japanese)"
1156,21,Recruiter
1157,21,Technical Recruiter
1158,21,"Recruiter, Google Cloud"
1159,21,Staffing Manager
1160,21,"Director, People Partner Hardware"
1161,21,Recruiter (GBOP)
1162,21,Staffing Channels Specialist
1163,21,People Consultant
1164,21,"Change Management Specialist, Google Professional Services"
1165,17,"BOLD Intern, Summer 2018"
1166,19,MBA Intern 2018
1167,21,Channels Strategy and Operations Manager
1168,9,"Product Strategist, Growth, YouTube"
1169,21,People Partner (HRBP)
1170,21,Leadership Staffing Researcher (EMEA)
1171,21,Mobility Consultant
1172,19,"Administrative Business Partner, Cloud"
1173,17,"BOLD Intern, Summer 2018"
1174,21,Staffing Channels Specialist
1175,21,"Staffing Channels Specialist, APAC"
1176,21,Staffing Manager
1177,21,People Operations Business Intelligence Analyst
1178,21,Human Resources Apprenticeship
1179,21,Staffing Services Associate Lead
1180,21,Staffing Channels Specialist
1181,21,Channels Project Manager
1182,21,"Center of Expertise Lead, Organizational Change"
1183,21,Staffing Services Associate
1184,13,Internal Communications Manager
1185,19,"MBA Intern, Summer 2018"
1186,19,"Technical Solutions Engineer, Google Cloud Platform"
1187,17,"BOLD Intern, Summer 2018"
1188,21,Technical Recruiter
1189,21,Leadership Staffing Recruiter
1190,21,Staffing Project Lead
1191,17,"Business Intern 2018, Brazil"
1192,19,"Administrative Business Partner, Jigsaw"
1193,19,"Administrative Business Partner, Hardware and Display Ads"
1194,9,"MBA Intern, Summer 2018"
1195,19,"Protective Services Specialist, Event Security"
1196,21,"Analyst, Staffing and Operations"
1197,21,"Program Manager, Supplier Management Office, Extended Workforce Solutions"
1198,13,Internal Communications Manager
1199,19,"Technical Account Manager, Search Distribution, Google Technical Services Velocity"
1200,21,"Executive Search Consultant, EMEA"
1201,21,Staffing Manager
1202,21,Recruiter
1203,19,"Technical Account Manager, Search Distribution, Google Technical Services Velocity"
1204,9,"MBA Intern, Summer 2018"
1205,19,MBA Intern 2018
1206,21,"Content Manager, Google Careers"
1207,21,Candidate Offer Assessment Specialist (Tech)
1208,21,"Policy Lead, Extended Workforce Solutions"
1209,19,Administrative Business Partner
1210,21,Talent Acquisition Specialist
1211,21,People Consultant Pod Manager
1212,21,"Manager, Sales Compensation Design and Compensation Partner"
1213,17,"Business Intern 2018, Argentina"
1214,19,"Executive/Administrative Business Partner, YouTube"
1215,21,Staffing Manager
1216,19,"MBA Intern, Summer 2018"
1217,9,"MBA Intern, Summer 2018"
1218,21,Compensation Analyst
1219,19,MBA Intern 2018
1220,21,"Change Management Specialist, Google Professional Services"
1221,13,"Live Show Producer, Events and Experiences"
1222,22,"Cluster Manager, Security (English, Chinese)"
1223,22,"Cluster Manager, Security (English, Chinese)"
1224,22,Campus Manager (English and Mandarin)
1225,22,Real Estate Portfolio Administrator
1226,22,Real Estate and Workplace Services (REWS) Business Partner
1227,13,"Communications Analyst, Physical Security"
1228,22,Global REWS Marketing and Communications Manager
1229,22,"Technical Program Manager, Executive and Event Production"
1230,22,"Project Manager, Security Systems"
1231,22,"Cluster Manager, Security (English, Chinese)"
1232,22,Global Investigator
1233,22,Real Estate District Development Executive
1234,22,Global Investigator
1235,22,Physical Security Manager
1236,22,"Food Service Manager, Americas"
1237,22,"Food Service Manager, Americas"
1238,0,"Program Manager, Third Party Risk Management (3PRM)"
1239,22,Real Estate Portfolio Management Lead
1240,13,"Visual Designer, Events and Experiences"
1241,22,Real Estate Development Executive
1242,22,Physical Security Manager
1243,22,"Cluster Manager, Security (English, Chinese)"
1244,22,"Protective Services Specialist, Executive Protection"
1245,22,Global Investigator
1246,22,Campus Security Manager
1247,22,Facilities Manager
1248,22,Physical Security Manager
1249,22,Physical Security Manager
